id,text
01235,when you're feeling horny asf but your habibi is on periods let's try a goat
01236,meanwhile at the isis strip club
01243,"when your human says ""who' s a good girl?""  and you already know it's you"
01245,and that was the last nativity play my son was invited to take part in.
01247,you can't be racist if there is no other race
01256,when your debit card decline at the abortion clinic  and they have to put the baby back in
01258,ladies! if your man is offended by this he is a faggot. end of story
01264,you're a special kinda nuts  aren't you?
01268,father and daughter bonding time is the best like and share if you agree
01269,"The text in the image says:  ""kermit the frog definitely not a muslim"""
01274,how you guys think you looks like  but when pados wale pandit jee sees you  taba renso
01275,if you think t willl stop eating palony and viannas  voetsek!!!  stupid no drama here
01276,a smile is worth a thousand words
01284,"The text in the image says:  ""muslims offend me"""
01293,when you forget to wash your hands
01295,"The text in the image reads:  ""men wearing dresses and molestinging our children? the word you're looking for is clergy, not transgender"""
01324,the great train robbers
01325,when your world cup team scores a goal
01327,"I'm not sick, I'm twisted sick makes it sound like there's a cure"
01329,saddle up motherfuckers  it's time to play cowboys
01348,meanwhile  at the isis strip club
01349,girl you're so special  i'm gonna give you a gold star
01359,area 51 naruto runners  naruto runners  let me in let me in!
01364,and that was the last nativity play my son was invited to take part in
01379,"The text in the image reads:  ""american teenage girl visiting the children of africa"""
01382,The text in the image is:  - my body my choice - Abortion
01389,confession-every sunday around brunch time  i take my cat to the mall and make people take pictures of us
01392,hello jesus  thanks for making a way!
01395,i just found out mexican babies come out just like the food
01423,when you want to nap after a long day of mudding
01436,when the school shooter accidently shoots the autistic kid but doesn't know that the tard strength makes him impervious to bullets
01439,"The text in the image reads:  ""im long and strong and down to get the goat hump on"""
01452,the feeling after a long day at work
01456,they see them rollin..... they hating...
01459,trust me...  ...they're re all terrorists
01465,there is difference between violating muslims and other muslims  don't get confused
01467,It's a great day to be a honky!
01468,"assad: my son exploded  better than yours, lol hamid:"
01469,"The text in the image is:  ""When you punch the muslim kid so hard that he starts having seizures and fucking dies the bomb has been defused"""
01472,in my country this headdress is common to wear if you want to. here in other countries i am also free to wear it if i want to
01475,"The text in the image is:  ""last time muslims invaded europe vlad stuck poles up their asses and made a fucking forest be like vlad"""
01476,I'm confident in my own skin
01483,"feeling bored, let's go to a mosque"
01487,When you forget you're retarded Howard Stern 1-90-STEEN Howard Stern
01492,i don't like the sun so i wear a visor
01497,now back to the Islamic classic.. married to children
01498,democrats claim daca kids shouldn't have to pay for their parent's crimes...  ...but white people are still responsible for 17th century slave owners??
01524,when you catch your goat with another man
01526,put the money in a bag. now! that will be $0.15
01527,oh no i can't run anymore
01529,acceptance of individuality is not a disgusting thing
01546,"The text in the image says:  ""kill the jews and muslims for being anti-white"""
01547,how mexicans be like...  when they hear their friends kid is having a birthday party
01548,"what are they fighting over? is it:  a) the last pan ducle b) he accidentally touch the homies hand passing a beer? c) foo used the last of the three flowers. d) homie said ""i got you on gas"" but he only has $3!"
01564,puts on sunblock doesn't protect from harmful rays
01568,"The text in the image reads:  ""do you think a terrorist has or could infiltrate our goverernment???"""
01569,when you can't decide to pre heat the oven  or just throw the meal in right away
01576,"The text in the image is:  ""When your ex ask you for help"""
01578,"The text in the image says ""sea monkeys."""
01579,"Muslim figure: ""We must have pork-free menus or we will leave U.S.""  Bacon America great again!"
01589,has an orgasm...  ...shoots out tranny fluid
01598,men are like dogs we're excited to see you...  and have no clue what you're mad about
01627,jew jerky: leave out in the sun until all moisture is gone  store in a cool dark place for 3 days
01634,"aye, tone! why would dey delouse 'em if dey was just gonna whack 'em?!"""
01637,this time jesus you're not getting away
01642,this would be racist  if black people could read
01643,i'm not a racist  my shadow is black
01649,"The text in the image reads:  ""american cops when they graduate police academy let the black man come forth! let murder be done upon him!"""
01653,"a girl asks her mom, ""why am i black and you're white?""  she says, ""the way that party went, you're lucky you don't bark."""
01658,first rule of fight club..
01672,when the new call of duty comes out and you're already camping
01682,"The text in the image is:  ""fuck allah fuck islam and guck the child raper muhammad  and yes that's pork in the quran"""
01694,which one should we butcher first.
01698,this guy cut her head off workplace violence my ass
01726,a real man loads the dishwasher every night
01734,"and that was the last time we let uncle larry babysit  Little Jack Telf Was put on the shelf Because he would not spell When his aunt Grace [pie] Saw his sorrowful face, She gave him a pie."
01736,korean war soldiers come home msnbc no live coverage nbc no coverage cnn 58 seconds abc 24 seconds share if they should be ashamed
01742,in just one hour from now  i'll only have 4 hours left until i have to work a mere 3 hours
01743,sen mitt romney wall declaration  let's make this his last to  utah  voted against trumps emergency
01746,everyone told me you gonna be a blessing
01749,so then we told them  cannabis is dangerous and pharmaceuticals are good for you
01756,she is a fast runner
01763,want a spin?
01765,"after a girl dies, what organ in her body stays warm? my dick"
01793,don't mind me i'm only watering my muslims
01794,i beat children
01796,life hack #23  how to get stoned with no weed
01823,i too was once a male trapped in a female's body  but then i was born
01827,if your man is offended by this then he's never been hunting
01829,him: the dishwasher is acting weird her: what's it doing him: chopping fucking vegetables
01835,that makes my lady junk tingle
01836,can you hear me at the back?
01842,it's a wiener pit kinda like your mouth
01845,when you consume too much  trans fat
01854,when an indian goes for walk with his dog
01865,I'm this pretty because both my parents are white
01875,does anyone know if he had a donor card?  i need parts for my go-cart
01892,i did not divide the country  the republican decision to obstruct every single thing i proposed to help us dig out of the financial crisis they caused divided the country
01894,we haven't t seen any new jesus appearances on pancakes in a while  i hope he's okay.
01896,terrorism is just part and parcel of living in a big city. sadiq khan london mayor  tokyo: over 13 million people no islamic terrorism
01924,"The text in the image reads:  - ""whats the difference between a feminist and a suicide vest?"" - ""a suicide vest actually accomplishes something when its triggered"""
01925,i am not racist i just don't like brown sugar
01936,we said we would never forget why are you voting them into our governement?
01937,"when you find a shooter the same day you plan a bombing, so you team up"
01943,person i chase: *shows clear signs he doesn't want to do anything with me*  me: i'm gonna pretend i didn't see that
01953,"The text in the image reads:  ""muslim + hunt = less muslims"""
01954,the best part about a prostitute dying on you is you get the second hour free
01956,i am a crocodile!
01962,i put makeup for my profile photo
01967,when you decide to stop racism by burning its symbol
01972,you don't have a cat? this is your lucky day! i'm moving in!
01974,The text in the image is:  - hiroshima - hiroshima - nagasaki - everybody needs a friend
01975,valentine in islamic countries
02139,no less beautiful
02143,"doesn't have food, water, electricity proud of nuclear weapons"
02145,"and then I asked mom, what's for dinner?"
02146,from the bottom of my heart i would like to sincerely apologize.....  for being white
02153,when you're arguing with someone  Kermit the Frog  HOLLYWOOD WALK OF FAME Presented To Kermit The Frog on the occasion of the placement Hollywood Walk of Fame November 11 Hollywood Chamber  and trying notto hit them
02156,never forget
02157,"mohammed  i'm pregnant....  don't sass me, you know it's funny! ~cupcakes"
02158,i like my women like i like my chickens held in captivity until i behead them
02165,The difference between moderate Muslim and radical Muslim  follow my allah or i kill you!  follow my allah or he kill
02168,how many fucking accounts do you assholes have?
02169,"to see better, asi ans sometimes switch to fullscreen view"
02185,wceeeeee! back over the border you go!
02194,when you're a good farmer who raises healthy animals
02315,don't forget me!!!!!! i'm an asshole too!!!
02316,they can kill the messenger but they can't kill the message
02317,white trash go to hell trump fuck donald trump
02351,when karen helps u camouflage the crackhouse  autistic child area
02356,if i was arrested what do u think i got arrested 4?
02358,The text in the image reads:  - diary of a - wimpy kid - hard luck - anne frank is one wimpy kid
02364,"a jewih shop owner, wears a kippah or yarmulke whilst in his shop in tehran"
02365,"quick, which one is a bb gun?  oops, too late... you're dead"
02367,dodge owners be like don't take a picture
02371,why do all the mexican foos who work at t-mobile look like this  Imaooo
02374,"i don't always fuck midgets but when i do, i go balls deep"
02381,"got braces  friend told me ""you're so black, even your teeth are behind bars"""
02384,caitlin jenner showinging off her new whip
02385,every life is precious
02389,democrat jan schakowsky defends ilhan omar:'she comes from a different culture'  where they want to kill all the jews
02413,"The text in the image reads:  ""women ask for equal rights, and this is why"""
02416,how do you piss off a female archeologist?  give her a used tampon and ask her what period it comes from.
02431,subway is similar to prostitution  you pay someone else to do your wife's job
02435,when you type  fidget spinner but it autocorrects  to midget spinner.
02439,"superman's flying class was popular, but no one ever passed"
02456,"people are loosing their minds over terrorism and isis in america...  and veterans are all like... ""wake me up when i can go fuck shit up and not go to jail for it"""
02457,i hate when i see a black out in my neighborhood but i still offer my neighbors a candle
02459,"my dishwasher is acting strange, can anybody help?"
02461,"whenever you feel stupid, remember this"
02467,how much did the holo cost
02471,when you walk into the welfare office  hello monkeys
02475,therapy dogs are now being trained to console rape victims of muslims
02476,"The text in the image says:  ""im never doing a garden again!"""
02478,must.. resist... urge to.. kill whitey..
02481,"The text in the image is:  - ""greetings tranny"" - ""time to die"""
02483,group of people rescued from medditaranian sea by italian coast guard
02485,real friendship is sending them a link to something terrible so you can both be traumatised at the same time  i torture all my friends. it's how i show love.
02497,you're a wizard motherfucker
02514,"if they're in a relationship, who makes the sandwiches?"
02518,when the dog bites you and you bite back to assert dominance
02519,It's funny because he's fat!
02536,don't drink and drive
02537,arrest george soros  for crimes against  erope
02538,when my girl pissed me off but she runs through the room in her draws  me my dick
02543,catch me outside how bout dat  i'll catch my damn self outside
02548,oi  are you looking at me?
02561,"we are coming to america one way or another! we will rape, pillage, riot & reap havoc on your nation while stealing your welfare"
02568,whatsthe difference between heroin and i? cops think twice before shooting heroin
02571,former first lady during an interview
02576,this is a snakes mouth it all makes fucking sense now
02581,mussie guy tried to rape me he didn't make it to court
02584,imagine being so disgusting there have to be laws to try to stop normal people from hating you
02594,"The text in the image is:  - ""jamal!"" - ""im pregnant!!!""  These texts are displayed in different fonts and colors."
02613,The text in the image says:  - after group sex - mohammed is very tired
02614,black boyfriend white boyfriend
02631,when your grandma sees you for the first time in a whole week  he's so fucking big.  me#irl
02634,and just like that... this sandwich maker doubles as an ironing board
02647,notice how the kenyan skidmark  has been silent about the mueller report?
02649,and that was the last nativity play my son was invited to take part in
02653,england  where moslems can rape your children and reporting it is a crime
02654,when people are spreading rumors but you're unbothereded
02657,oh look someone's returninging a broken sandwich maker to walmart
02674,"The text in the image is:  - ""asian drivers test"" - ""went as expected"""
02687,i hang a sock on my doorknob so my roommate knows not to come in because i'm busy fucking the other sock
02691,teaching them how to hunt young
02716,"felt cute might pray later, idk"
02718,my kid threatened to hold his breath until I gave him dessert. He's now passed out on the kitchen floor  I don't negotiate with terrorists
02719,your black neighbor  after you called the cops
02735,when each letter is a mental disorder
02751,just admit it white america was better
02761,i'm sorry  i didn't mean to hurt your feelings
02763,The text in the image reads:  - immigrants - illegal aliens
02764,"The text in the image is:  - ""closing time"" - ""one last call for green cards"" - ""you don't have to go home"" - ""but you can't stay here"""
02768,when you look in your neighbor's yard and see an illegal immigrant  mowing their lawn
02769,"think we just discovered ""cop crack""  bacon wrapped donuts  mother of god"
02783,a picture of my great great great grand grandfather's's tractors  they don't make them like they used to
02789,when you got a warrant out for your arrest & you on the run......
02793,sea monkeys
02795,The text in the image reads:  - police academy - graduation ceremony
02814,want to party? yeah I'm down
02815,how do i like my eggs? same as i like my niggers beaten and separated from the whites
02816,help  im downing
02831,where's jaws when you need him?
02841,birthday  because i don't care if it's happy.
02845,they have sex with goats wipe their asses with their hands and drink camel piss  but i'm the unclean one!
02846,the before image that not many people have seen
02849,abba ree i can fryyy
02853,"The text in the image is:  - ""but islam can radicalize muslims"" - ""muslims are not terrorist"" - ""quran 8:39"" - ""kill all non believers till the only religion is islam"""
02854,"The text in the image says:  ""do gay midgets come out of the cabinet?"""
02857,"I love it when women go to school. It's like seeing a monkey on roller skates. It means nothing to them, but it's so adorable for us"
02863,white men are the biggest terror threat  except for my white boyfriend
02867,russia #freesentsov #freekolchenko
02876,your milkshake brings all the tards to the yard
02891,"The text in the image is:  - ""look!"" - ""a blow up doll!"""
02894,"how high are you  no officer, its ""hi, how are you""?"
02914,the only thing that hinders you is your own motivation
02917,"The text in the image reads:  ""islamaphobe no i just hate the motherfuckers"""
02918,a islamic leader among his followers
02935,copsuckers be like  the whole boot daddy
02943,hide and go seek champion july 6 1942 - august 4 1944
02945,you've been hungerstruck!
02946,"The text in the image says:  ""is your girlfriend hot like me?"""
02947,meanwhile  at the isis strip club
02951,protesters throwing smoke bombs
02956,how i sleep  knowing i'm going to hell in every religion
02958,when you forget that your blind friend has a heightened sense of smell bro. chop a fuckin line up  for me
02965,i once dumped a cross eyed chick thought she was seeing someone else
02967,when the black kids start fighting at school
02971,what do you get when you cross harvey price with a pritt stick? a sticky black spastic
02973,how long can i run? till the chain tightens
02974,"it might look fucked up, but her handjobs are fucking unbelievable"
02975,you never realize how little self control you actually have until chips and salsa are in front of you at the mexican restaurant
02983,large big mac no onions
02984,stop racism  black children and white children are the same
02987,The text in the image is:  - not my president - not my residents
03124,muhammed fixing his calculator
03128,lazy day nothing to steal
03145,when each letter is a mental disorder
03146,this is inhuman the operation takes only a couple of seconds to perform but its image remains for years
03148,fact: ethiopian food is so rare that locals don't even eat it  ethiopian food
03162,recruiter added me on linkedin  so i guess things are getting pretty serious
03164,party tonight? i'm down
03172,im white trash and im in trouble
03178,"""we fly planes into their buildings now they kiss our asses!"""
03185,best thing about an ethiopian blowjob? you know she's going to swallow
03186,removes polish with chemicals  nobody bats an eye  commits crimes against the polish  starts WW2
03187,every dad: *shaves beard* his own baby: I've never met this man in my life.
03189,"if a man wants you, he will come and get you."
03197,i'm no bird expert but i'm guessing it's 4 females and 1 male
03214,The text in the image is:  bartender: how about a nice 12 yr old? him: boy or girl?
03217,"they are like sperm you get millions, but only one works"
03241,The text in the image reads:  - When black people make white jokes - When white people make black jokes
03246,mobile nun
03248,when you just can't stop thinking about obama
03251,"The text in the image says:  ""it is disgusting to laugh at gender dysphoria"""
03254,"liberals: ""japan has gun control without issues, what makes you think it can't work here in the usa?"" me: (whispering) black people"
03256,when you ask for advice and they tell you to just be yourself  you want me to get naked and start the revolution?
03257,white trash not marriage material
03258,"i heard we can get free steroids in australia  please help feed and house this poor, defenceceless refugee.  don't be racist and let me in!"
03267,that feeling when you finish your homework in record time and have extra time to chill
03268,hey mom  the goats asshole is inside out. what do?
03271,when your wife and girlfriend don't get along
03275,the only time you can hang out with 2 dirty hookers and a tranny
03276,unless life also gives you water and sugar  your lemonade is gonna suck
03279,aren't you tried of my jokes!
03281,the weekend be like
03285,i wanna see the most fucked up meme. lets see what you got
03289,fuck banks  fuck indians too
03291,do you agree with pauline to stop islamic immigration to australia  share if you agree
03296,come on over I'm having a party the place is crawling with pussy
03298,thanks for visiting
03418,i got a flat on my way to the store
03421,"when you shoot up the school and somebody else gets blamed for it  we stand here amid my achievement, not yours!"
03429,throwback thursday we was all by ourselves at one time  we was the only once's in the new phase to build and close
03468,"my dishwasher is acting strange, can anybody help"
03472,"pet niguana for sale! come with food dish, a few toys, and a screen lid so it can't get out $300 obo"
03479,just waterin' the dirt
03482,i try not to be bias
03495,"when your homie throws a  heart react on your status  just fucking kiss me, man."
03519,i'm going home i'm russian
03524,terrorist can come to this country way to easy
03528,look at the bright side you are only half black now
03547,people with dwarfism arguing
03567,potato is my favorite color of the alphabet
03568,time to play rich VS the constitution
03574,pull up your pants and back away from the goat!!
03591,"joins the democrat party to indulge in deep seated supremacist proclivities.  ""helping"" minorities also loves black cock"
03615,joke time 3 muslims walk into a bar..
03624,just a traditional muslim man with a beard
03629,hey man you gotta go home my parents are fighting again
03642,when you catch your goat with another man
03659,"""I hope the electoral college gets beat in the NCAA tournament"""
03675,because of trump i got fired from my job
03678,lock her up and throw away the key
03681,when you're muslim  but you have oil
03685,not all angels reside in heaven..  many walk the battlefield..
03691,"The text in the image reads:  ""koran class with the rohingya people"""
03715,great at making martinis terrible at stealing tambourines
03718,baaaa-utiful
03728,"stalin: if you invade us, you break our agreement hitler: A LAST APPEAL TO REASON BY ADOLF HITLER Speech before the Reichstag, 19 July, 1940 World War II: Europe's Tragic quicksaving..."
03745,your order comes to $37.50  and your white privilege discount brings the total to $37.50
03751,"The text in the image is:  ""I yelled catch! I swear I thought she was ready"""
03756,white people have no right to live in africa... but it's a blackman's right to live in any european country he chooses?
03759,what's the difference  between hillary and putin?  putin actually wins the  elections he rigs.
03764,"The text in the image is:  ""my black flag brings all the goats to the yard  and they're like allah akbar and then I'll put a bomb in a car. I'd teach u but I have no arms"""
03765,american kids all across american storefronts!!! freeway off n on ramps!!! street corners!!! begging for $$$ for the re-alcohol!!! n drugs!!!
03789,The text in the image reads:  - anne frankly - i don't care
03794,The text in the image is:  - tranny jesus - died for your - eyebrows
03795,even i can see you're a cunt
03798,"hey, i just met you and this is crazy but here's your number...  so camping, maybe?"
03841,when i grow up...  lol nevermind
03845,rev al sharpton  that gorilla was 17 black and unarmed
03847,meanwhile at the isis strip club
03849,gmc short for give me cock
03854,did a lot of medical research didn't hurt any animals
03861,when you realize you fought on the wrong side during WWII
03864,you can't be the victim of a school shooting if you're the school shooter
03865,after 3 million years of evolution  we still love to relax
03869,a mother's love for the child is a divine thing
03871,"The text in the image is:  ""justin trudeau the imam of canada"""
03874,one of the poor defenseless refugees we hear about  she's smuggling 31 pounds of pure heroin
03875,we're glad you're home the russians pooped in the hallway!
03896,"The text in the image reads:  ""let me salute to hitler the great he said 'i would have killed all the jews of the world, but i kept some to show the world why i killed them'"""
03917,attacking a person for who they are or where  they're from is an attack on their people and culture as a whole
03924,three k's a day keeps the minorities away
03927,after group sex mohammed is very tired
03942,they're just like anyone else
03947,no one: steven hawking:
03957,lawn darts  muslim style
03962,where's my water?
03968,when you're watching the #roots remake  but you're in an interracial relationship
03971,so i was sucking on her t * ts then the husband walks in and i
03976,"warning ""every"" country that has become involved in muslim immigration has eventually become an islamic state and don't the fate of your country will be any different islam is a cancer for which there is no cure"
03981,siri take me home starting route to gym
03984,when your brother sucks at driving
03987,the newest hate group the dumb stupid klan
04125,Sorry I'm late have the racist comments started yet?
04126,"hitler be like ""you sure i killed 6 million? they aint up here"
04127,here we go again. us paralympics team refuses to stand during st..
04132,"dear ""dad"". i did it without you. love, the daughter you left behind."
04135,there's only one race the human race  and that thing on the right? that's a monkey in human clothes
04138,what do a bicycle and a nigger have in common? neither works without chains
04152,over 50 south africans lost their lives after police opened fire during a protest
04153,"let's end racism  I HAVE A DREAM Martin Luther King Jr. The March on Washington for Jobs and Freedom August 28, 1963"
04156,me after i take that first sip of mcdonald'ss sprite  kwispy
04157,a real man... loads the dishwasher every night!!
04162,one of the most brilliant minds in science
04163,"The text in the image says:  ""I will kill this white man ooo wwe fans"""
04175,"The text in the image is:  ""im not racist because racism is a crime and crime is for black people"""
04183,back off murderers FAT POWER we fight for justice
04185,when you need a diaper because you're a still a baby
04187,this is how muslims celebrate new year
04217,have a coke and a smile.  regen: always  coca cola coke adds life. ma: nevermore coca cola
04239,when you fart in crowd and try to look normal
04253,"The text in the image reads ""sad world history."""
04256,me and styrofoam... yup...both white trash
04257,"how sad it must be for supporters - believing that scientist, scholars, historians, economist, and journalists have devoted their entire lives to deceiving america, while a reality-tv star with decades of fraud and exhaustively-documented lying is your beacon of honesty"
04263,holocaust jokes are offensive ann frankly aren't funny
04265,"The text in the image says ""farming simulator 1800."""
04267,I'm not saying it was muslims but it was muslims
04268,guess which one is which? 1. transgender; 2. suicide bomber or 3. a floor lamp
04273,have you seen my bag
04278,never let someone who has done nothing  tell you how to do anything
04281,"The text in the image is:  - ""patty cake patty cake butthole"" - ""hand i got tourettes syndrome"" - ""chicken fuc ked ham"""
04287,"that's it, back to the kitchen! where's my sammich?  women's day is over!"
04295,when black people say they are native american
04296,"The text in the image reads:  ""now imagine if native american cowboys rode bicycles"""
04316,"algebra and geometry are fine, but graphing is where you draw a line"
04319,"sometimes, you have to water your farm equipment so it doesn't overheat"
04321,"""If that uckin bastard wins, we're all going to hang from nooses! You better fix this shit!""  -hillary clinton email to donna brazile october 17, 2016"
04325,it's a 3-day weekend pace yourself
04326,when the chow mein was on point but you kinda miss your cat
04328,if only dogs could pick up after themselves
04356,i only wear silk panties cotton ones remind me of slavery
04361,"The text in the image reads:  ""islam turning every single country it touches into a shithole for over 1400 years"""
04372,my sister gave me this  haircut after i fucked her.
04379,The text in the image is:  ``` tfw you hear that you should be able to walk again with 2 months of pt ```
04387,"sit down kids, i will now tell you how i met your mother"
04397,"The text in the image is:  ""what do you call a a retarded jew? auschwistic"""
04529,"please,''share' this piggy he upsets muslims"
04536,"he's not a great debater, he's not a smooth talking politician, he's not part of the establishment, but he is a true american patriot!  we cannot sit back and watch them destroy this man who is trying to help us!  he can clean up america and they know it!"
04538,"bows here, bows there, bows everywhere"
04563,"yeah, we know  ""no president has done what I have done."""
04568,me during no shave november
04569,when is the time to eat  i am hungry
04579,maybe the catholic church protects pedophile preists because  the last time christianity shunned a pedophile he started islam?
04582,this has no place on american soil
04583,mom won't let me use the oven with my jewish friends
04591,rep. ilhan omar: 9/11 was 'some people did something' here's your something 2977 people dead by terrorism
04597,terrorist attacks innocent people with guns  leaders want innocent people to give up their guns and become even more defenseless...
04615,It's the religion of peace. join exclusive islam!
04619,"the most popular, but least talked about, white trash barbie! kids b like ""not my fault you didn't pay the cable!"""
04621,you are what you eat meanwhile in africa
04623,"six kids, no husband, no job, and food stamps $10,000 back in income taxes"
04629,halloween was great this year
04637,when your chinese food shows up completely uncooked
04639,"the female body is a gentle, delicate flower  except for the vagina. pound the fucking vagina"
04651,what every muslim  looks like to me
04658,"so, you think by being a a muslim sympathizer, this will somehow keep us from killing you? you are a special kind of stupid"
04675,i called my boy  whatchoo goin do bout that spray bottle now.
04682,why can't we spend money on education instead of drugs
04683,"when you make a meme using a different language that everyone can still understand: no es mucho, pero es trabajo"
04689,illegal immigration the cowboy way  we'll know them if they try to come back in!
04695,when a badge and gun aren't enough to cope with your fragile senses of self worth and masculinity:  roadhouse!
04712,"just figured out trump conned you?  not too fucking bright, are you?"
04716,"makeup artist $4,000 / month personal stylist $15,000 / week  i can't tell the difference"
04718,isis you mean them goat fuckers that don't like bacon
04719,how you see it how the turkey sees it
04726,islamic state soldiers celebrating we should kill them all
04729,what if punk is just gangsta rap for white kids
04732,"The text in the image says:  ""trump supporters be like make america great again"""
04735,smile even in the worst of times
04758,"my fragile heart at my sex drive  - stay back, slut"
04759,"The text in the image says:  ""im ready to have some fun"""
04762,scientist are working hard to cure them all
04765,"blame it all on my roots, i showed up in boots.. and ruined your jihad affair"
04768,really? eating pork is gross but marriage to a minor isn't?
04769,"if she's pouting like this and you don't immediately  drop the argument, motherfucker you gay"
04782,The text in the image is:  - adorable african kid - appreciating life
04783,"where you can get with that bull shit  what is ""fuck outta here  correct"
04786,"being transgender is a mental illness  it's a rejection of reality, leads to anxiety, depression, and in some cases self-mutilation and/or suicide. that's not healthy"
04791,if you're a gentleman then nothing may disturb you  but if you're a hungry sex maniac then there's no dress which can provide security for any women
04798,are you bored? join spastics with special admin powers now
04813,when you haven't stolen for over 2 weeks..
04819,"jew: *walks out of the shower* hey man, can i get a towel?  auschwitz guard:"
04823,"The text in the image says:  ""definitely a new cultural era!"""
04827,me: puts bag of popcorn into the microwave every one else at the senior center:
04857,...even the dumb jews know that! trump is a racist..
04859,"The text in the image is:  - ""arnold schwarzenigger"" - ""i'll be black"""
04861,"waiter, another order of crow for my anti-trump friends."
04863,a little hood. a little hippie..
04873,manual tranny  automatic tranny  rebuilt tranny
04876,goin
04879,i hear a funny joke about dishwashers
04891,"The text in the image says ""cannibalism."""
04892,"send him to...  meowschwitz  ONLINE USA INC. P.O. Box 75, Beverly Hills, Ca. 90213. Phone 310 587 0025. Fax 310 587 0027"
04912,immigrantswave our flag invaders wave their own
04915,they want this not beause they love you they need to mix breed to preserve their species
04917,similar to sharks because all the great ones are white
04918,"The text in the image says:  ""why do asians have eyes like this? isn't it hard to see?"""
04923,beergasm  that moment when you take your first sip of beer after a long day
04926,"knowing white people, that's probably the babies father"
04928,dishwasher for sale missing parts
04938,hen your unvaccinated chi rvives 18 years but cides to kill himself  you were the chosen one
04958,how i see black people getting trolled on the internet
04971,happy birthday sugar tits
04975,look at me  this is my meme now
04976,sh*t someone added too much soap to the dishwasher again
04986,the enemy within  linda sarsour  ocasio-cortez  ilhan omar  rashida tlaib
05123,"The text in the image reads:  ""When cops question someone who just got robbed did anything seem strange? like maybe something black?"""
05126,can you smell what the reich is cooking
05127,we'll kill you over some trivial shit  then fucking mock your dying words
05129,"you ever get laid in a sleeping bag? it's awful.  you can't even move, you're drenched in sweat, and your scout master is covering your mouth."
05134,the banality of evil
05138,i should not be expected to pledge allegiance to any country including america
05148,the hardest part of breaking up with a japanese girlfriend  is having to drop the bomb on her twice before she gets it
05162,went down on a muslim bitch her pussy was the bomb!
05164,dark humor is like food not everyone gets it
05172,"The text in the image reads:  ""islam is the religion of peace! if you don't agree i kill you!"""
05174,when you start burning calories instead of people
05183,when you run out of bras and have to hold the girls up on your own
05189,siri take me home starting route to jail
05198,went outside today yolo
05213,the families of the hillsborough tragedy were denied legal aid....  but shamima begum gets it to fight for her uk citizenship  our system is a sick joke! - martin costello  [Image of a protest]
05214,pull up your pants and back away from the goat!!
05218,things i love to pull behind my trunck
05219,just admit it. white america was better
05231,the name's bob... bob
05241,"last year tyrone got a new job, started building his credit, and spendinging more time with his kids  then something amazing started to happen!"
05249,i am still so confused about the strategies in this game
05261,i'm deportinging all mexicans!!!  except the ones in baldwin park you fuckers are crazy!!!
05264,trust me the muslims won't rape you now
05269,been talking shit about trump since day one.  now crying like bitches after getting called out.
05273,"someone needs to invent car fax for ""i have only been with one guy""  ""Yeah sure, show me the whorefax."""
05276,talk about that for a team photo
05279,"knowing white people, that's probably the baby father"
05283,"life has never given me lemons  it has given me anger issues, anxiety, a love for alcohol, a serious dislike for stupid people. but not lemons."
05294,a little bird told me it is going to be a beautiful day.  i ate it.
05297,the first thing i did when i got home from the battered women's shelter?  the dishes... 'cause i know what's good for me...
05316,doing o's with the smoke
05327,i just realized that all i can be is true to myself not matter what
05329,It's not right to judge someone by the color of their skin. They might just be tan.
05349,normal day in a islamic country
05362,you like something that i do not particularly enjoy  disgusting prepare to forfeit your life
05369,person i chase: *shows clear signs he doesn't want to do anything with me*  me: i'm gonna pretend i didn't see that
05372,"healthcare is a right and the government should pay for it  guns are a right, should the government pay for them too?"
05376,did you know you are supposed to pull anal beads out slowly?  i didn't... i started the wife up like a fucking chainsaw
05379,i'd like the porn in my room to be  disabled  we only have regular porn you  sick bastard
05384,spendinging quality time with dad
05387,is someone using the oven? cuz i smell gas
05389,this pizza is so disgusting  if you take it to italv you'll get arrested
05398,when a cop pulls his gun on you but you're white gotcha
05421,there was a 4 car pile-up in mexico today  93 people died
05429,"The text in the image reads:  - ""claims that her ancestors created a safe space for Jews"" - ""these are her ancestors"""
05436,lol don't bother buckling up  because we are all going to die
05437,this could be us  but you keep escaping
05438,didn't get bought today  success!
05439,"The text in the image reads ""portable dishwasher slash sandwich maker."""
05461,"me, an air force intellectual watching some marines get into a bar fight with some thah tranny hookers"
05462,I'm not racist. I hate white liberals more than anybody
05463,when you dress up for dinner at your girlfriend's house  parent's house
05468,when you lose your jewelry
05471,"The text in the image is:  - ""do you still suck dick?"" - ""faggot"""
05476,The text in the image is:  - greetings white person - time to die
05479,"this is steve. he lives with both parents, who both work. no one in his family has a middle name in their facebook name, like javeon doingbigthings jackson. everyone in his family can swim"
05482,stupid you are breed you should not
05483,the only thing more vile than the attitude of these anti americans..  is the absolute ignorance of the delusional people that voted for them
05489,trump says he doesn't like suppressors.  well.....he's a democrat so...
05498,step one: turn on the gas
05612,of all time the most underrated cook
05614,"The answer to the age-old question, does a bear shit in the woods? Answer...yes they do!  And here is scientific proof"
05617,"i thought i you said netflix & chill  no i said ""here, take this pill"
05619,official white house holiday ornaments
05642,did you say dude blew his tranny???
05643,kids in africa wouldn't starve if they ate the flies on their face
05649,you sicced all of your corrupt goons after me for 3 years and i came out clean.  now it's my turn to send my justice-seeking patriots after you and your corrupt goons let's see how you all come out!!!
05672,i pushed my life alert necklace  now i'm waiting on those sexy emt guys to show up
05689,"the most racist people are the ones crying""racist"" all the time!"
05712,god will forgive you no matter what you've done  sweet
05716,"The text in the image says:  - ""give me a dog"" - ""treat human"""
05719,"islamomopolitan  special feature: how to survive your daily beating  know your place, women: why men treat you like cattle"
05726,a stork might bring you a baby  but a swallow never will
05734,this man single handedly saved  this animal from poachers
05736,"dad, what is humanity? i don't know son, we are zionist"
05741,during a speed chase which song are you blasting in your car?
05743,how your booty feels after the taco bell drops
05749,"nobody at school wants to guard Muhammad, he's too explosive"
05761,"don't shoot, i'm from the group  why dont you post and comment?  i'm shy, but i like stuff"
05762,"listen bitch, before you start fucking with me  you should know my team is bigger"
05781,hitler comedy called mein fuhrer
05782,you know what grinds my gears? piggers
05784,"The text in the image reads:  ""let me be clear.... if i had a son, he would look like harambe"""
05789,the only person i trust is me  and even that's pretty fucking iffy sometimes
05791,"mohammed  i'm pregnant....  don't sass me, you know it's funny! ~cupcakes"
05792,when you just realize that you forgot to take the cake out of the oven
05793,name something females say  before sucking dick
05798,when they become besties  over the same dude
05813,roses are red candles drip wax  breaking news  man tries to trade kidnapped baby for 15 big macs
05824,"keep yelling, motherfuckers you're just playing call of duty"
05826,"I'm not sexist. Being sexist is wrong, and being wrong is for women."
05832,hitler giving a speech
05841,what's worse than ants in your pants? uncles
05846,our insurance
05847,when they ask for fire extinguisher  and you reply    i don't smoke
05863,hello brother wait is that a shotgun?
05864,trust me...  ...they're re all terrorists
05869,"my wife asked me where i'd like to be buried  apparently, ""balls deep in your sister"" wasn't the answer she was expecting"
05872,joke time 3 muslims walk into a bar..
05874,how you like me now?
05879,The text in the image is:  - Free Love - LGBT - Free Love - LGBT - Peace
05912,look at me  i'm the european now
05914,meanwhile at the isis strip club
05916,"hey, i just met you, and this is crazy, this is my grenade so blow me, maybe?"
05917,stephen hawking reincarnated as a chair
05918,"The text in the image reads:  ""burning them was a horrific event in the history"""
05926,this sunday.. don't forget to set your bomb forward one hour
05928,"just because she weighed as much as two people, that doesn't mean that you had a threesome"
05931,stop editing your pics. what if you go missing?  how are we gonna find you if you look like barbie on fb and chupacabra in real life?
05936,i wish i was there and had my gun to help them
05938,in the muslim world  all gay men are well hung
05941,"i saw an ad on tv. i called the number on the screen i had to get one, they seem to work so much better than those sticky strips that hang from the ceiling"
05942,"""Your majesty, what's the secret to a long life?""  ""Well Kate, don't leave William for a fucking muslism."""
05943,"The text in the image reads:  ""this is what rich white trash looks like and it's time to take out the trash!"""
05947,still more confirmed sightings  than 28 nosler ammo
05948,"i pull up in this and yell  ""come on we got some redneck sh*t to do"" are you getting in?"
05968,what would you do if i got pregnant
05972,when you have to take another picture for mom
05973,how black people became christians
05976,what does your wife and a hand grenade have in common  remove the ring and your house is gone
05978,i think it is safe now  challenge accepted
05984,removes polish with chemicals nobody bats an eye  removes polish with chemicals everyrody loses his shit
05986,"we need to be like new zealand new zealand banned rifles,  then move to new zealand bitch"
05987,"The text in the image reads:  - ""interracial dating"" - ""somting like that"""
06123,a group of men
06125,imma ask this question only once  who's got my fucking lighter
06127,when you ask the stoke patient to smile
06135,everyone should take care of their skin
06147,it's the this is the qur'an islamic sacred book
06153,"The text in the image reads:  ""i had a bad dream about the ku klux klan"""
06157,"The text in the image reads:  ""dark humor is like food not everybody gets it"""
06158,new zealand edition call of duty
06175,when someone drops a penny
06179,the face you make after you nut and the goat keeps sucking
06194,burning things that don't mean anything to you
06195,what do i do when my dishwasher stops? i should get back to scrubbing
06197,want proof firefighters do it better? ask a police officer's wife
06198,"""vieques u.s. territory march 2019""  constant military bomb explosions!! """
06213,the us navy Marines keeping tranny hookers laid since 1775
06218,that's a little savage
06231,do i need to dig up hitler to show you how to use an oven
06237,"when leadership says it's not mandatory  but it's ""highly encouraged""!!!"
06239,cameraman: i don't understan- psychic kid: trust me  this will be really funny someday
06243,"The text in the image says: ""laughs in goat f**ker."""
06248,your black neighbor after you called the cops
06273,the jihad squad
06275,"so you listen to rap music but you're offended by ""baby it's cold outside"""
06291,when you throw yourself in a casket bc you're over it
06293,"The text in the image reads:  - ""do you know how to end transphobia?"" - ""killing all trans people"""
06295,are u a wizard?
06315,solution to mexicans paying for the wall leave all the illegals hanging around the border
06319,proof you don't have to fly a plane into a building to destroy a nation!
06325,trump donated his salary to alcoholism research  i see it as a personal attack
06329,president condemned capital punishment
06345,"driver: ""what am i supposed to do with this speeding ticket?""  officer: ""keep it, when you collect four of them, you get a bicycle."""
06348,the look you give when  your husband would rather  fuck a goat then you
06349,they still think i'm not a muslim  they still think i'm a chick
06352,"and then i asked mom, can we go play?"
06357,It's time to stop this
06359,what women think they'll do when the economy collapses vs what they'll actually do
06374,"The text in the image reads:  ""islamic windchimes"""
06375,we have peace  but we can give wars
06378,let's end racism
06387,when your leader is killed by a drone and you get to fuck his herd of goats
06392,don't forget guys  may is buy your wife a new gun month
06412,when you eat your rehab romance booty in the laundry room but she's day 3 sick
06415,#neverforget what your ancestors went through #christianity  if you even think about dating a white man you disgust me
06418,1 bomb every minute
06425,"if you have a problem with me..call me  if you don't have my number, then that means you don't know me well enough to have a problem"
06427,"The text in the image says ""little girls are the devil."""
06431,when the employee asks  what bra size you wear
06435,"slave salesman:'slams hand on head' this baby can pick so much fucking cotton, only only comes in one color tho."
06439,back to the... hall of fame 19th annual rock and roll
06458,"oh, you're tired of my anti-trump posts? why don't you pray for me to stop?"
06471,"The text in the image reads:  ""colin kaepernick and his evil white oppressors oh wait, those are his parents!"""
06479,when you've finally become a cop and see a black guy  this is where the fun begins
06481,where's kaepernick? i need my car washed
06482,i dont always make sandwiches because im not a woman
06483,"one day, long, long ago, there lived a woman who did not whine, nag or bitch.  but it was a long time ago, and it it was just one day. ~the end~"
06489,a head diaper  is required  when you have  shit for brains
06491,"The text in the image is ""tranny for sale."""
06513,smile no matter what your going through
06514,halal... is it meat you're looking for?
06519,moutain goats hide when they hear allah akbar  because they here the goat fuckers are coming
06524,how black women fight crime
06531,"i don't always have sweaty balls  but when i do, they're wetter than a tiajuana hooker during spring break and smell like a zombie's vagina."
06534,Sorry white guys but I only date black guys
06537,lust and love
06539,excuse me! anyone can wear a dress!
06541,"hey i just met you and this is crazy, but here's my number i'll gas your baby"
06543,"you are finally here, brother-slayer. spawn killer.  all that strength and you're still nothing but a nigger"
06547,"The text in the image reads:  ""hide and seek european champion 1942-1944"""
06579,don't know how to deal with black people  but i guess i'll take a shot at it
06582,they are terrorists  anyone who doesn't agree is an idiot
06584,when you consume too much trans fat
06589,The text in the image is:  on ala akbar i will fuck ur goats
06593,"The text in the image is ""dss""."
06597,we're all here cause we ain't all there
06712,smell that? that's why we have to use condoms
06714,"vote for me  free kfc, grape kool aid, & watermelon"
06715,take them to the zoo they said they'll learn something new they said
06723,the hardest part to eat in a vegetable
06725,"open's inbox  ""let me suck your dick"" opens profile:  it's your crazy ex gf"
06728,the only kkk to ever let black men in
06739,"i don't usually act like an asshole...  ...but when i do, i'm probably fucking with someone from the shallow gene pool."
06749,when they laugh at your 9cm but you haven't even reached puberty yet
06752,"the amish  proof that you can be completely devoted to your religion wear beards, dress modestly and reject modern society without strapping explosives to children"
06759,girl: how do you eat pussy? me: like a retard tasting ice cream for the first time
06781,how cops subdue whites  blacks  see the night and day responses
06791,great news! my iq tests came back negative
06793,"when asked what i did over the weekend  i reply, ""why, what did you hear"
06794,if you think the other puns where bad  just wait till you sea mine
06795,that look when you find out  your husband isn't  coming home from the mosque
06798,"The text in the image reads:  ""news from 20th century"""
06823,removes polish with chemicals nobody bats an eye  removes polish with chemicals everybody loses his shit
06824,these aren't bears! these are just two fat gay fucks! pride
06825,"""at first, I didn't want to wear a hijab."" ""but my husband convinced me otherwise."""
06832,government shills hate him!!!  <<< this aussie shitposter removes 50 muslims with this one weird trick and basically  you are fucking accelerated!
06842,"when your trying explain  why you were out last night with the boys. ""look honey"""
06845,"""whatcha thinkin' about, liberal cuck""?  ""antifa getting their asses kicked, crying about the election, loving islam goatshaggers, butt sex, crying, more crying, and stuff..."""
06847,The text in the image is:  - Matte black - Gloss black
06852,"man committing genocide armed with nuclear weapons, gunboats, helicopter gunships, tanks, bombers, bulldozers, drones and as many arms as he can buy with the $4 billion per year america gives him..  plays the victim"
06859,the entire world: the great war killed millions  germany: you gotta pump those numbers up!
06871,"abdal, you moron! i said ""bag the oat and wheat""!  not ""shag the goat meat""!"
06873,just got a bootleg copy of muslim porn deep goat
06874,ach!! thats my car volkswagen cars produce  more gaz than expected
06875,it didn't happen because of the actions of one man it happened because of people who were 'just doing their jobs'
06892,when you're trying to listen to the teacher in your school and the foreign exchange student keeps on crying
06893,you rape em we scrape em no fetus can defetus
06897,"if you think the crakkka of today  is different from the crakka 500 years ago, you're a damn fool"
06914,"The text in the image reads:  ""never forget"" - you said. i am the proof you have forgotten"
06927,"The text in the image is:  - ""this is me"" - ""not having any white guilt"""
06931,the newest hate group  the dumb stupid klan
06934,hitler nonchalantly killing millions of jews with no remorse
06937,"coming soon to your neighborhood  300,000 islamic heathens demanding the usa change to suit thier sick religion"
06945,"""culebra u.s. territory"" u.s.miltary bomb explosions march 2019"
06948,you mean i don't have to pick it and i can eat it?!
06951,never forget united we stand
06952,motorcross bikes are ridden by drug dealers and gang members because they can easily elude law enforcement  mothers against death sports  if your child has an interest in motorcross they may have joined a gang or be involved in the illegal drug trade
06973,what it looks like when cancer gets aids
06985,"their average iq is about 70-80, few points above being retarded"
06987,that look you give when you got your fix  but not your kids
07124,how to wink at a muslim
07125,"The text in the image is:  - ""muslim in congress 2019"" - ""muslims in 2001"""
07126,"these are kids, these are pigs please dont get us confused"
07134,sexbomb sexbomb  you are my sexbomb
07135,this is the greatest news manufacturing in 20th century
07159,when the school shooter finally leaves and the hottest girl in class is laying dead on the floor  it's free real estate
07164,i promise  i promise.  i promise. i deliver.
07192,when you're a nazi officer and someone gives you the name and location of a Jewish family
07193,things i love to hunt
07194,running is one of the best ways to stay fit
07198,"The text in the image reads:  ""islam is a religion of peace stop criticizing my religion"""
07215,"dogs are cute, great companions, and can be taught to obey and protect.  a better option than a gun"
07218,"when you and ya classmate are hiding from the school shooter, but you wanna die so you sneeze to get his attention  hehehehehe my bad guys"
07219,a gorilla dreaming that she was kim burrell
07234,that's enough facebook for today  this sammich isn't going to make itself
07236,"when you realize that ""ginger"" is just the n-word, rearranged"
07238,"uh oh, guess what day it is trump day"
07239,a head diaper is required  when you have shit for brains
07241,it warms my heart seeing fathers spendinging time woth their kids
07248,"The text in the image says:  ""it is disgusting to laugh at gender dysphoria"""
07249,obama throws first pitch at an all-star game
07254,"muslims believe that if they get killed by a woman, they go straight to hell  well ladies, it's time to lock and load"
07258,"some crazy rez girls be like:  ""if you ever leave me, i'll punch myself in the face and tell cops you did it"""
07259,come here girl let me smell yo butt
07261,so you are telling me  american gypsies are just white trash
07265,"The text in the image reads:  ""muslim terror attacks are more frequent white terror attacks are more efficient"""
07268,middle eastern prostitute
07269,this salad is so fresh it had to live with its aunty and uncle in bel air
07285,"The text in the image is:  - ""shame on you fork"" - ""Kitchenware"" - ""tongued devils"""
07286,hiltler eating a meal with his family
07291,It's a piece of cake if she's not awake
07293,"anyone that says white people can't jump  obvisly hasn't seen the 9/11 footage ""white people can't jump"""
07294,bruder you killed me  so the jew could control your media so the jews could control your banks so the jews control you money so the jews could control your government so your children could die for israel so foreigners could destroy your cities so foreigners could run your civil and public services so you become a prisoner in your own homes so your people and race are lost forever
07312,yeah bitches totalinarism is a sham
07314,spendinging alot of time with your pets
07318,"you say i'm racist because i don't want illegals here?  i have some news for you. ""illegal"" isn't a race, morons"
07319,"musslamic democrat, ilhan omar,  has threatened members of congress. she's told several republicans that she'll send them ""shawarma"", to ""give them a taste of her culture"" share to say arrest her now!"
07325,but i need you
07345,"The text in the image says:  ""fuck banks and all their fees"""
07351,"""plays uno steals all the green cards"""
07354,is there anything more beautiful than the islamic call to prayer?
07356,my husband told me to make him a sandwich i need a good comeback  i would come back with a sandwich
07382,"LIEBIG COMPANY'S FLEISCH-EXTRACT. wouldn't be the last time those people used the oven this way  Hänsel und Gretel. No5. Hexe mag sie noch so schrein'n, In den Ofen muss hinein."
07385,"The text in the image reads:  ""I said glass of juice not gas the Jews"""
07389,will you tell the cat bullying is not okay?
07391,"I'm not racist, but... MAKE RACISTS AFRAID AGAIN racist memes are allowed, right?"
07392,once you go black ur a single mom!
07396,this project is tough but it will save the world
07412,"The text in the image reads:  ""white trash nation P 140403 99 LOS ANGELES Anna Nicole Smith Photo: © Lawrence Gistrell / Liaison Agency"""
07413,hello! may i please speak with jesus? cause these folks gonna make me break at least 4 of the ten commandments.
07419,"on this day, the 25th of march, 1920, the black and tans arrive in ireland...  they are given a warm welcome"
07429,I'm about to have my 5th abortion fuck you batman i'm the real crime fighter
07431,leave no dog behind
07436,"if the government says, ""you don't need a gun""  you need a gun!"
07438,how women win an argument
07451,"The text in the image reads:  ""actors costumed in the full regalia of the kkk"""
07452,germany builds the first jet but couldn't make a steel door for a gas chamber  expose the lie
07456,"domestic violence 2017 what level you on now? this chicken is cold, bitch!!"
07458,"The text in the image says ""transgender satan is not amused."""
07463,meanwhile at the isis strip club
07465,"until you give the white man back his god,  everything i post is going to offend you."
07469,where is the criminal?
07481,when you see your goat with another man
07486,what's the difference between a walrus and a lesbian? one smells like fish and has a moustache and the other is a walrus!
07496,this muslim guy is in heaven
07516,teacher: alright class take out your calculators  mohammed:
07521,turns out out they were expecting something  very different went gay clubbing with some friends
07523,man caught having sex with a feminist at the beach
07528,the latest and greatest. a truck that comes with a dishwasher!
07539,redneck word of the day: twerk  imma have a few heers before i get back twerk
07561,"enje remembers he brave soliies who fought before him. Tonight, he would reenact their bold acts by smashing through his Jewish neighbors glass window"
07562,rest in peace
07582,when you're not only the gay friend but also have the sickest memes
07591,democrats claim daca kids shouldn't t have to pay for their parent's crimes..  ...but white people are still responsible for 17th century slave owners??
07592,justin come here  the chevy faggots are mad again.
07594,"if you think it's okay for iran to have nukes, but not okay for law abidinging americans to have guns  you might be a dumbass"
07596,the face you make when one of those damn apes cancels your show
07612,"what is that wonderful smell? it smells like... caramel! oh, today we burnt the diabetics"
07615,i put the ape in rape
07618,protesting death to the middle east
07623,a handful of rich people should not run the country  a handful of politicians should
07628,"when you tell your islamic friend, you cannot go on the same plane as them.  all right then. keep your life"
07632,when someone makes eye contact with you while you're doing cardio  look away!
07634,talking about animal rights is fun
07645,dem rep calls trump supporters 'just plain dumb' & 'racist' in letter on house floor..  what's your response?
07649,i see no difference
07651,how you gotta treat girls with smart mouths
07652,The text in the image is:  ban the burka you must be fucking joking
07653,"in the last days there will be god hating scoffers, ridiculers, deniersers and mockers  following after their own lusts"
07658,I was asked who my favourite X-Men character was. Apparently my answer was inappropriate
07659,latinos will do anything to get into trump's america  immigration law sourcebook twelfth edition
07685,"when i finally snap and actually kill myself after years of saying ""i wanna die"" my friends:  you did it, you crazy son of a bitch, you did it!"
07689,man: i'd like to trade her in for newer one
07692,"hurry up son, the owner is coming"
07693,"The text in the image says ""marokko speed dating."""
07694,if i had a gone i could convert this fruit to vegetable
07698,"go ahead, call the cops see who cums first"
07824,It's hump day!!! oh fuck!!!
07825,"The text in the image reads:  ""men and women are sacrificing their lives doing this so that we can live peacefully in the comfort of our homes."""
07826,any time you have to rely upon your enemy for a job  you're in bad shape!
07834,guess whose house wasn't raided by the fbi?
07836,hi hacker bro we are muslim brotherhood
07839,don't fuck with me...  my husband is married to vladimir putin
07849,"The text in the image says:  ""Sorry white guys but I only date black guys"""
07851,feeling fresh for picture day
07852,"old people at weddings always poke me and say ""you're next."" so, I started doing the same thing to them at funerals"
07853,"9/11 gets a mourning day while gay get a ""pride"" month because homosexuality is a bigger tragedy"
07865,a real man...  loads the dishwasher every night!!
07893,The text in the image reads:  - wax figure reconstruction - of anne frank
07895,the feeling of dry skin be like
07912,"The text in the image reads:  ""european rats in the 15th century i'm about to end man"""
07915,they're just like eggs  better when beaten well
07916,theleft will never condemn sharia law  the muslim vote matters more to them than preserving the constitution
07924,when you've accepted your sexual preferences and are happy with your life now
07926,lisa page admits obama's doj ordered fbi not to charge  hillary clinton in email scandal...  hi i'm barrack obama and my ass is grass
07931,"The text in the image reads:  ""The Black Man's Lament 5 how black people became Christians"""
07935,"""did you know princess diana had dandruff?""  ""oh yes, yes, they found her head and shoulders on the dashboard"""
07956,when you find out there's an opening for the role of chewbacca
07965,whites without blacks blacks without whites
07968,ernie mocks tyrone's lack of a father in front of the whole class
07983,did we run out of gas?  someone get out and push
07984,"we are not a rich nation but we know better than to tolerate islam so if you have ever wanted to visit africa, keep amgola in mind"
08125,manual tranny automatic tranny rebuilt tranny
08126,kenyan shit
08134,mark zuckerberg approves!
08137,cannibalism
08146,"The text in the image reads:  ""I am a gamer not because I don't have a life but because I hate women and minorities"""
08147,when you are back home from cheating
08162,on my way to daycare got me like
08163,i told my gay friend that i can turn fruits in to vegetables and he told me to prove it so i pushed him off a balcony
08164,"The text in the image is:  ""it's not a hijab it's a diaper for people with shit for brains"""
08172,bosses be like when you coming in?
08173,i may not be a smart man ilhan but i know what a jew-hatinging islamist sounds like
08175,"The text in the image reads:  ""I'm not saying you are a slut but you go out with everyone"""
08176,notice how the kenyan skidmark  has been silent about the mueller report?
08196,women can wear what they want  you dont have the right to ban the burka  its basic democracy
08219,"The text in the image reads:  ""i make everyone the way they are  oh, you're gay? i'm going to burn you in hell for eternity"""
08234,"a world leader, a supermodel, a mass murderer, a tranny, satan's's daughter, and a peanut farmer walk into a funeral......"
08241,when people are still talking about epstein's pedo ring after 3 mass shootings in a week  you're going to need a bigger
08243,The text in the image is:  - damn - i need some shades
08251,the name's todd...  retodd
08254,we've been saved! from what? critical thinking?
08259,old yearbook photo of a cute child
08261,"The text in the image reads:  ""life is like belgium some times you just have to march through it"""
08267,uncle daddy says that i have to wash my pussy  cos mummy says my brothers cock tastes different
08275,the pimp hand strong enough for man but made for teaching
08276,It's hard but it's worth it
08291,white  people is this a shooting range
08294,"what are you doing there? you're a cat, not a jew"
08295,please consider donating water to children in need
08297,ahmed? i'm pregnant!!
08317,a head diaper is required  when you have shit for brains
08345,this sunday..  don't forget to set your clock forward one hour
08349,"honor killings are part of our culture  well then, it will be my honor to kill you all"
08357,"The text in the image reads:  ""nazi soldiers used flame throwers to clear trenches"""
08367,you may kiss the bride
08369,and just like that  fox news and trump stopped caring about the caravan
08372,wave hello make someone smile
08375,"The text in the image reads:  ""rashida tlaib in traditional 'palestinian garb'"""
08376,debris from todays tornadoes  ...oops nevermind... that's just a picture from the snake pit at the indy 500
08395,my dad is the best at hide and seek  he's been gone for 15 years
08415,"The text in the image reads:  ""all people should be protected by those in blue"""
08423,true love is an emotion
08439,started playing hide and seek with dad  been looking for him for 25 years
08451,when you ask a jewish girl for her number and she starts rolling her sleeve
08452,I don't know who gave my child a whistle  but I will find you and I will kill you
08462,i will not let america turn into another nation of islam!!!!!!!
08469,"The text in the image reads:  ""trump supporters be like mexicans stole my teeth"""
08471,they have sex with goats wipe their asses with their hands and drink camel piss  but I'm the unclean one!
08476,The text in the image is:  - classic anne frank - photo
08495,mein feelings  have been hurt
08516,smirked at an adult media coverage: 30  days  shot up a school  media coverage: 2 days
08517,when the weekends finally here
08523,Cute kid getting ready to start her life too bad shes already fkn' dead raped and murdered by an illegal immigrant
08524,yellow black red and normal
08531,this one's called dirty deeds done with sheep
08534,if you don't believe in god you're going to suffer and burn for all eternity in hell  child abuse it isn't necessarily physical
08537,allah is watching you!
08541,when your test comes back and you got a 47 out of 46
08546,"The text in the image reads:  ""I'm not saying you are a slut but you are easier than Poland"""
08563,the terrible actions  this all began with of one man doing a terrible job for mankind
08564,when your dishwasher is broken so you take it back to walmart to get a new one
08567,"to see better, asians sometime switch to fullscreen veiw"
08569,weekend friendship brunch date
08571,"The text in the image is:  - ""asian drivers test"" - ""had an accident"""
08591,"The text in the image reads:  ""teacher of the year for black community"""
08593,18 years later
08597,"now, you're telling me you were so ingrained with white trash dna, your facial hair actually grows in on its own all white trashy like that?"
08613,on my way to run over w*men and minorities
08617,history teacher: 6 million jews died during wWII me:
08621,"that's fucked up, but I like it"
08624,I saw a little Jewish boy playing with an ash tray while walking down the road today.  I asked him if he was looking for his grandparents  Did Jew Nazi that this Israeli funny?
08627,always love your mother even if she's batshit crazy
08632,"""why do you have to punch a hole in the wall when you get upset?"" white guys: it defines who i am"
08637,Islam: how many more are we going to have to murder... ...before the world realizes that we are the religion of peace?
08641,"The text in the image reads:  ""caitlyn jenner is kylie jenner's transexual biological father"""
08645,some people say religion is a labor of love
08649,Love in the world comes in many forms
08652,how we see muslims  how muslims see us
08653,a smile to bring joy in anyone's day
08654,never had one before  . what? a room to yourself?  a white bitch
08657,i saw her standing there and i told her she had three beautiful children. she didn't have to get all pissed off and threaten me. it was an honest mistake.
08671,scientist have found that caucasians  share 99.9% dna with us
08674,burning things that don't mean anything to you
08691,"if he dies in the movie ""toy story"" all the toys have to watch as the children play with their dead friend's lifeless body"
08693,this thread needs more bacon
08695,how you guys think they look like  but when pados wale pandit sees you
08716,for decades bruce fondled her  this  just in caitlyn jenner  claims
08719,why do white people smell like bologna?
08732,what guys envision lesbian look like what lesbians really look like
08741,jussie-smollet taken at gunpoint in maga country
08742,so there i was..  setting up economic miracles for the next president
08743,"if you see me in public looking a hot mess, just know; my bills are paid, my children have food, & i ain't trying to impress you"
08761,mental health is important
08793,that's black people for ya  what did you expect
08795,when you are white and working in oil field
08917,"what are you doing there? you're a cat, not a jew"
08924,"when you already started eating  and someone says ""lets pray"""
08934,white kids be like  im killing everybody
08937,you know like when the tv doesn't work you give it a hard hit and then it's all better
08941,i put the ape in rape
08954,the pope at the vatican
08957,"telling a girl you jerk off to her is the ultimate compliment, with all the free porn there is, she was chosen."
08961,"The text in the image reads:  ""what was hitler's favorite race? nazi jews"""
08962,you know you're getting older when  you walk by 3 priests and don't even get a look
08964,did you know. if you hold a person underwater long enough  they stop being an asshole
09124,"The text in the image says:  ""close your eyes 50% you'll see both of the pics are similar"""
09126,"when your friend plays rap music on the way to a kkk meeting  dude, you're embarassing me in front of the wizards."
09128,"only in america  could these people consider themselves the ""master race"""
09132,Based in america
09138,"The text in the image reads:  ""muslims in 2001 defund homeland security! muslim in congress 2019"""
09148,friends come and go but brothers last forever
09152,"i don't have ex's. i have y'ss.  like, ""y the hell did i date you?!?"""
09154,we've been at peace with japan since 1945  time to make peace with isis
09156,"sit down kids, i will now tell you how i met your mother"
09162,please make them white
09176,always be kind to those less fortunate than you
09184,how to get a black guy to see his baby
09185,ahmed? i'm pregnant!!
09187,what's black and screams? stevie wonder answering the iron
09213,boys are the devil
09215,me: wanna watch porn or golf? her: porn. you already know how to golf
09217,overdose
09238,"The text in the image says:  ""turn that frown upside down"""
09241,the dishwasher was making a funny sound but i fixed it
09247,enough deaths stop gun violence
09248,when your dishwasher is broken  so you take it back to walmart to get a new one
09251,"you have adhd? well, i know a place i can send you where you'll learn to concentrate"
09263,"eix bafe2, i didn't sign up for this shit"
09265,"Poverty is deadly  take advantage of u.n. and foreign aid-funded housing and benefits ""death to the west!"""
09267,support the temple motherfuckers i'm here to claim the rights of husband you never give your wife away  join the fucking government i hate all freemasons and christians
09268,The text in the image is:  - incest - never goes wrong
09273,hard to argue with a woman that's braless  when she's already made two outstanding points
09283,all people in this world deserve help
09284,the world's most wanted terrorist  obama bin lying
09285,when the squad is about to get lit.
09286,please send us your thoughts and prayers
09312,need a hug? i love hugs
09315,when you've finished with your life of crime
09321,glad of growing up with this  not this
09324,what would i do if she got pregnant
09326,"my parents lived better with a high school diploma  than i do with a 4 year degree  of the 3 million available jobs today, less than 20% require a 4 year degree  ""We are lending money we don't have to kids who can't pay it back to train them for jobs that no longer exist. that's nuts. -Mmike Rowe"
09347,when you step on a landmine but you do not weigh enough
09352,they will soon be extinct
09357,"when you fart next to the jewish kid, and realize you just gassed the jews"
09364,all races are equal
09368,am i doing a good job?
09374,the war on drugs is ridiculous  that's just more money we could be using to bomb the fuck out of those muslims!
09376,i might not be good at sucking cock  but i can put beavers outta work
09382,you've been hungerstruck!!
09384,when you're muslim but you have oil
09385,"i'm not gay, but for 20$ you can ramit inmah ashol"
09387,now at home depot check out the new kenyan fly strip
09413,when you start fingering yourself but your sister cum instead
09423,when you get paid  when you check your bank account after paying bills
09426,"they might not be liking your pics, but i bet they're reading  your comments and keeping track of who you respond to"
09432,"The text in the image is:  - ""you've been"" - ""hungerstruck!!"""
09457,i hate buffalos they ruin my land
09462,halloween got you like
09465,"omg quick, someone call hasmat smells like a concentration camp"
09467,"The text in the image says:  ""When mom asks where all the Jews went"""
09468,"The text in the image says ""prospective without white "" """
09478,"The text in the image is:  - ""manual Trans"" - ""automatic Trans"" - ""rebuilt Trans"""
09482,marital status??  in a relationsheep..
09486,don't get me started about your problems
09513,The text in the image is:  - goats are friends - not food
09514,someone shoot this bitch
09516,#TACOBELLHOTEL and that's why i gas people
09518,after sex selfies  usa  croatia  germany
09523,we shall snort cocaine and have our assholes tongued by the angels.
09527,listen up cupcake we are losing our country to goat bumpers!
09531,we should put a stop to capital punishment
09547,if being a racist means i don't want my country turned into a pile of rocks & and goatshit ruled by a barbaric cult  then i'm a racist
09561,when the chow mein was on point
09563,The text in the image is:  - safe sex - isis style
09572,"all men are animals baby, some just make better pets than others"
09587,that chicken is so black it owes child support
09615,met gala celebration
09617,when you turn on the light and realize you have been fisting the wrong hole
09618,vitiligo is a disease that causes the loss of skin color
09623,all my guns now self identify as dirt bikes  so i had to install mufflers
09624,white people already paid reparations
09634,come on our shame tour! we will show you how to murder babies and harass the elderly
09638,thanksgiving in china
09641,The text in the image reads:  - zakk wylde - zakk calm
09642,"pelosi slams trump after he gets mexico to cave, says ""threats & temper tantrums are no way to negotiate foreign policy...""  why is she so mad that trump got mexico to finally help us stop illegal immigration?"
09648,damn michelle are you hungry?
09657,"and then trump said  i'm, like, a really smart person"
